STN_NAME,STN_NO,X,Y,Latitude,Longitude,COLOR,OPEN_DATE,CLOSE_DATE,geometry
ADMIRALTY MRT STATION,NS10,24402.1063,46918.1131,1.4405850009999999,103.80099820000001,RED,1995-02-01,2099-12-01,POINT (103.8009982 1.440585000999997)
ALJUNIED MRT STATION,EW9,33518.6049,33190.002,1.316432612,103.88289300000001,GREEN,1988-11-01,2099-12-01,POINT (103.882893 1.316432612000001)
ANG MO KIO MRT STATION,NS16,29807.2655,39105.772000000004,1.369933175,103.8495535,RED,1986-11-01,2099-12-01,POINT (103.8495535 1.369933174999999)
BARTLEY MRT STATION,CC12,33168.3039,36108.7003,1.3428283380000001,103.8797462,YELLOW,2008-05-01,2099-12-01,POINT (103.8797462 1.342828338000009)
BAYFRONT MRT STATION,CE1,30867.0093,29368.625,1.281873788,103.8590733,YELLOW,2011-01-01,2099-12-01,POINT (103.8590733 1.281873788000002)
BAYFRONT MRT STATION,DT16,30867.0093,29368.625,1.281873788,103.8590733,BLUE,2012-12-01,2099-12-01,POINT (103.8590733 1.281873788000002)
BEAUTY WORLD MRT STATION,DT5,21598.1665,35931.2359,1.341223176,103.77580999999999,BLUE,2014-12-01,2099-12-01,POINT (103.77581 1.341223175999993)
BEDOK MRT STATION,EW5,38757.952000000005,34024.7048,1.323979969,103.9299587,GREEN,1988-11-01,2099-12-01,POINT (103.9299587 1.323979969)
BEDOK NORTH MRT STATION,DT29,37421.7438,35214.6804,1.334742117,103.9179554,BLUE,2016-10-01,2099-12-01,POINT (103.9179554 1.334742117000003)
BEDOK RESERVOIR MRT STATION,DT30,39008.3132,35421.0409,1.33660783,103.9322077,BLUE,2016-10-01,2099-12-01,POINT (103.9322077 1.336607829999999)
BENCOOLEN MRT STATION,DT21,29899.2575,31247.3368,1.29886427,103.85037990000001,BLUE,2016-10-01,2099-12-01,POINT (103.8503799 1.298864270000005)
BENDEMEER MRT STATION,DT23,31300.8084,32884.7382,1.313672233,103.8629702,BLUE,2016-10-01,2099-12-01,POINT (103.8629702 1.313672233000002)
BISHAN MRT STATION,CC15,29762.3507,37046.3699,1.35130868,103.84915,YELLOW,2008-05-01,2099-12-01,POINT (103.84915 1.351308679999992)
BISHAN MRT STATION,NS17,29649.8988,36994.433,1.350838988,103.8481398,RED,1986-11-01,2099-12-01,POINT (103.8481398 1.35083898799999)
BOON KENG MRT STATION,NE9,31157.0712,33517.6089,1.319395706,103.86167900000001,PURPLE,2002-06-01,2099-12-01,POINT (103.861679 1.319395706000004)
BOON LAY MRT STATION,EW27,13837.9827,35641.9191,1.3386040540000002,103.7060994,GREEN,1989-07-01,2099-12-01,POINT (103.7060994 1.338604054000001)
BOTANIC GARDENS MRT STATION,CC19,25959.4046,33817.7525,1.3221101929999999,103.8149876,YELLOW,2010-10-01,2099-12-01,POINT (103.8149876 1.322110193000003)
BOTANIC GARDENS MRT STATION,DT9,26087.2663,33852.4484,1.322423979,103.8161362,BLUE,2014-12-01,2099-12-01,POINT (103.8161362 1.322423978999996)
BRADDELL MRT STATION,NS18,29500.0972,35848.0687,1.3404716840000002,103.8467942,RED,1986-11-01,2099-12-01,POINT (103.8467942 1.340471683999999)
BRAS BASAH MRT STATION,CC2,29930.7674,31025.9016,1.296861687,103.8506629,YELLOW,2009-04-01,2099-12-01,POINT (103.8506629 1.296861687000005)
BUANGKOK MRT STATION,NE15,34655.3132,40537.2069,1.382877858,103.8931042,PURPLE,2005-01-01,2099-12-01,POINT (103.8931042 1.382877857999991)
BUGIS MRT STATION,DT14,30620.8769,31323.2495,1.299550746,103.8568623,BLUE,2012-12-01,2099-12-01,POINT (103.8568623 1.299550746)
BUGIS MRT STATION,EW12,30491.5648,31424.3503,1.3004650759999998,103.8557007,GREEN,1988-11-01,2099-12-01,POINT (103.8557007 1.300465076000005)
BUKIT BATOK MRT STATION,NS2,18679.3541,36795.0141,1.349034109,103.74959,RED,1989-03-01,2099-12-01,POINT (103.74959 1.349034108999998)
BUKIT GOMBAK MRT STATION,NS3,18938.3305,37870.6512,1.358761857,103.75191640000001,RED,1989-03-01,2099-12-01,POINT (103.7519164 1.358761857000002)
BUKIT PANJANG MRT STATION,DT1,20011.3981,40108.6838,1.379002117,103.7615559,BLUE,2014-12-01,2099-12-01,POINT (103.7615559 1.379002116999997)
BUONA VISTA MRT STATION,CC22,23251.7611,32090.7692,1.3064916690000001,103.7906645,YELLOW,2010-10-01,2099-12-01,POINT (103.7906645 1.306491668999991)
BUONA VISTA MRT STATION,EW21,23200.36,32167.2655,1.307183467,103.79020279999999,GREEN,1987-03-01,2099-12-01,POINT (103.7902028 1.307183466999999)
CALDECOTT MRT STATION,CC17,28691.2451,35538.768,1.3376745079999999,103.8395281,YELLOW,2010-10-01,2099-12-01,POINT (103.8395281 1.337674507999987)
CANBERRA MRT STATION,NS12,27597.3086,47196.1838,1.4431,103.8297,RED,2018-11-01,2099-12-01,POINT (103.8297 1.443100000000007)
CASHEW MRT STATION,DT2,20362.9591,39043.5835,1.369369831,103.764714,BLUE,2014-12-01,2099-12-01,POINT (103.764714 1.369369831000002)
CHANGI AIRPORT MRT STATION,CG2,45254.8614,37711.015,1.357314545,103.9883212,GREEN,2001-02-01,2099-12-01,POINT (103.9883212 1.357314544999998)
CHINATOWN MRT STATION,DT19,29238.9683,29686.5359,1.284748969,103.8444484,BLUE,2012-12-01,2099-12-01,POINT (103.8444484 1.284748968999992)
CHINATOWN MRT STATION,NE4,29124.9585,29643.4786,1.284359578,103.84342420000002,PURPLE,2002-06-01,2099-12-01,POINT (103.8434242 1.284359577999993)
CHINESE GARDEN MRT STATION,EW25,16790.7466,36056.3019,1.342352821,103.7326244,GREEN,1987-11-01,2099-12-01,POINT (103.7326244 1.342352820999987)
CHOA CHU KANG MRT STATION,NS4,18097.9271,40811.9589,1.3853616930000001,103.74436700000001,RED,1989-03-01,2099-12-01,POINT (103.744367 1.385361692999991)
CITY HALL MRT STATION,EW13,30144.2851,30591.8478,1.292936243,103.852581,GREEN,1986-12-01,2099-12-01,POINT (103.852581 1.292936242999997)
CITY HALL MRT STATION,NS25,30144.2851,30591.8478,1.292936243,103.852581,RED,1986-12-01,2099-12-01,POINT (103.852581 1.292936242999997)
CLARKE QUAY MRT STATION,NE5,29473.1249,30088.7038,1.288386024,103.84655190000001,PURPLE,2002-06-01,2099-12-01,POINT (103.8465519 1.288386023999997)
CLEMENTI MRT STATION,EW23,20430.06,33026.6075,1.314954492,103.7653168,GREEN,1987-03-01,2099-12-01,POINT (103.7653168 1.314954491999992)
COMMONWEALTH MRT STATION,EW20,24103.2523,31642.6034,1.302438735,103.7983136,GREEN,1987-03-01,2099-12-01,POINT (103.7983136 1.302438734999997)
DAKOTA MRT STATION,CC8,34159.2741,32299.8905,1.30838264,103.888648,YELLOW,2009-04-01,2099-12-01,POINT (103.888648 1.308382639999996)
DHOBY GHAUT MRT STATION,CC1,29437.9401,31244.9618,1.2988428159999998,103.8462358,YELLOW,2009-04-01,2099-12-01,POINT (103.8462358 1.298842815999995)
DHOBY GHAUT MRT STATION,NE6,29354.3681,31340.3479,1.2997054590000001,103.84548509999999,PURPLE,2002-06-01,2099-12-01,POINT (103.8454851 1.299705459000006)
DHOBY GHAUT MRT STATION,NS24,29424.1448,31229.3143,1.298701307,103.84611190000001,RED,1986-12-01,2099-12-01,POINT (103.8461119 1.298701306999997)
DOVER MRT STATION,EW22,21914.5509,32634.1186,1.311405293,103.7786522,GREEN,2000-10-01,2099-12-01,POINT (103.7786522 1.311405293)
DOWNTOWN MRT STATION,DT17,30172.6259,29100.1876,1.27944619,103.85283559999999,BLUE,2012-12-01,2099-12-01,POINT (103.8528356 1.279446189999994)
ESPLANADE MRT STATION,CC3,30469.0566,30634.4621,1.293321608,103.8554985,YELLOW,2009-04-01,2099-12-01,POINT (103.8554985 1.293321607999988)
EUNOS MRT STATION,EW7,35782.9553,33560.0776,1.319778952,103.9032339,GREEN,1988-11-01,2099-12-01,POINT (103.9032339 1.319778951999994)
EXPO MRT STATION,CG1,42270.6232,35193.6223,1.334549778,103.9615134,GREEN,2000-01-01,2099-12-01,POINT (103.9615134 1.334549777999996)
EXPO MRT STATION,DT35,42362.7103,35285.6654,1.335382137,103.9623407,BLUE,2016-10-01,2099-12-01,POINT (103.9623407 1.335382137000003)
FARRER PARK MRT STATION,NE8,30321.3596,32739.6107,1.31235984,103.85417170000001,PURPLE,2002-06-01,2099-12-01,POINT (103.8541717 1.312359839999988)
FARRER ROAD MRT STATION,CC20,25136.2263,33309.1617,1.317510612,103.8075929,YELLOW,2010-10-01,2099-12-01,POINT (103.8075929 1.317510612)
FORT CANNING MRT STATION,DT20,29225.2834,30541.2748,1.292478928,103.8443255,BLUE,2016-10-01,2099-12-01,POINT (103.8443255 1.292478928000001)
GEYLANG BAHRU MRT STATION,DT24,32293.7994,33750.9518,1.321505838,103.87189040000001,BLUE,2016-10-01,2099-12-01,POINT (103.8718904 1.321505837999989)
GUL CIRCLE MRT STATION,EW30,8772.8552,33530.3675,1.319505215,103.6605988,GREEN,2016-06-01,2099-12-01,POINT (103.6605988 1.319505214999988)
HARBOURFRONT MRT STATION,CC29,26678.3445,27555.0595,1.26547264,103.821446,YELLOW,2010-10-01,2099-12-01,POINT (103.821446 1.265472639999999)
HARBOURFRONT MRT STATION,NE1,26678.3445,27555.0595,1.26547264,103.821446,PURPLE,2002-06-01,2099-12-01,POINT (103.821446 1.265472639999999)
HAW PAR VILLA MRT STATION,CC25,22267.5675,29442.572999999997,1.282542157,103.78182340000001,YELLOW,2010-10-01,2099-12-01,POINT (103.7818234 1.282542156999996)
HILLVIEW MRT STATION,DT3,20666.0676,38266.7899,1.362344869,103.7674369,BLUE,2014-12-01,2099-12-01,POINT (103.7674369 1.362344868999999)
HOLLAND VILLAGE MRT STATION,CC21,23868.1442,32681.5744,1.31183479,103.79620159999999,YELLOW,2010-10-01,2099-12-01,POINT (103.7962016 1.311834789999992)
HOUGANG MRT STATION,NE14,34572.8759,39256.1311,1.371292292,103.8923636,PURPLE,2002-06-01,2099-12-01,POINT (103.8923636 1.371292291999999)
JALAN BESAR MRT STATION,DT22,30466.0301,31970.4313,1.305403642,103.8554713,BLUE,2016-10-01,2099-12-01,POINT (103.8554713 1.305403641999993)
JOO KOON MRT STATION,EW29,10756.3543,34438.2764,1.327717173,103.6784167,GREEN,2008-02-01,2099-12-01,POINT (103.6784167 1.327717172999994)
JURONG EAST MRT STATION,EW24,17869.0806,35038.9472,1.33315262,103.7423112,GREEN,1987-11-01,2099-12-01,POINT (103.7423112 1.333152620000004)
JURONG EAST MRT STATION,NS1,17869.0806,35038.9472,1.33315262,103.7423112,RED,1989-03-01,2099-12-01,POINT (103.7423112 1.333152620000004)
KAKI BUKIT MRT STATION,DT28,36362.4224,35239.5458,1.3349673020000001,103.9084393,BLUE,2016-10-01,2099-12-01,POINT (103.9084393 1.334967301999997)
KALLANG MRT STATION,EW10,32236.6038,32643.3302,1.31148891,103.87137659999999,GREEN,1988-11-01,2099-12-01,POINT (103.8713766 1.311488910000004)
KEMBANGAN MRT STATION,EW6,36862.1237,33699.3568,1.321038249,103.9129282,GREEN,1988-11-01,2099-12-01,POINT (103.9129282 1.321038249000005)
KENT RIDGE MRT STATION,CC24,22581.5421,30650.0972,1.2934626329999999,103.7846438,YELLOW,2010-10-01,2099-12-01,POINT (103.7846438 1.293462633000002)
KHATIB MRT STATION,NS14,27962.3108,44352.568,1.41738337,103.83298,RED,1987-12-01,2099-12-01,POINT (103.83298 1.417383369999997)
KING ALBERT PARK MRT STATION,DT6,22489.8451,35316.6349,1.335665121,103.78382009999999,BLUE,2014-12-01,2099-12-01,POINT (103.7838201 1.335665120999984)
KOVAN MRT STATION,NE13,33758.7578,38027.2795,1.360179171,103.8850503,PURPLE,2002-06-01,2099-12-01,POINT (103.8850503 1.360179170999999)
KRANJI MRT STATION,NS7,20081.6974,45214.5479,1.425177699,103.7621874,RED,1995-02-01,2099-12-01,POINT (103.7621874 1.425177698999995)
LABRADOR PARK MRT STATION,CC27,24619.0578,28313.6298,1.272332732,103.8029471,YELLOW,2010-10-01,2099-12-01,POINT (103.8029471 1.272332731999994)
LAKESIDE MRT STATION,EW26,15494.5171,36267.1619,1.344259249,103.7209802,GREEN,1987-11-01,2099-12-01,POINT (103.7209802 1.344259248999996)
LAVENDER MRT STATION,EW11,31284.2589,32186.4342,1.30735702,103.8628215,GREEN,1988-11-01,2099-12-01,POINT (103.8628215 1.307357020000001)
LITTLE INDIA MRT STATION,DT12,29698.9692,32168.8611,1.3039164840000002,103.8524167,BLUE,2014-12-01,2099-12-01,POINT (103.8524167 1.303916483999997)
LITTLE INDIA MRT STATION,NE7,29817.1982,32124.8312,1.3071982229999999,103.8485807,PURPLE,2002-06-01,2099-12-01,POINT (103.8485807 1.307198222999997)
LORONG CHUAN MRT STATION,CC14,31431.4054,37079.9444,1.351612171,103.8641434,YELLOW,2008-05-01,2099-12-01,POINT (103.8641434 1.351612170999994)
MACPHERSON MRT STATION,CC10,34340.0124,34286.1222,1.326345372,103.8902718,YELLOW,2009-04-01,2099-12-01,POINT (103.8902718 1.326345371999996)
MACPHERSON MRT STATION,DT26,34235.7966,34256.4317,1.326076883,103.8893356,BLUE,2016-10-01,2099-12-01,POINT (103.8893356 1.326076882999999)
MARINA BAY MRT STATION,CE2,30423.4296,28735.7843,1.276150637,103.85508859999999,YELLOW,2011-01-01,2099-12-01,POINT (103.8550886 1.276150637)
MARINA BAY MRT STATION,NS27,30368.2057,28766.3819,1.276427355,103.85459250000001,RED,1988-11-01,2099-12-01,POINT (103.8545925 1.276427355000003)
MARINA SOUTH PIER MRT STATION,NS28,31287.7063,28203.4939,1.271336711,103.8628525,RED,2013-11-01,2099-12-01,POINT (103.8628525 1.271336710999992)
MARSILING MRT STATION,NS8,21406.6874,46025.7686,1.432514421,103.77409,RED,1995-02-01,2099-12-01,POINT (103.77409 1.432514421000001)
MARYMOUNT MRT STATION,CC16,28679.3688,36758.7136,1.348707263,103.8394214,YELLOW,2008-05-01,2099-12-01,POINT (103.8394214 1.348707262999995)
MATTAR MRT STATION,DT25,33556.5834,34344.8585,1.326876715,103.8832341,BLUE,2016-10-01,2099-12-01,POINT (103.8832341 1.326876714999989)
MOUNTBATTEN MRT STATION,CC7,33476.5634,32058.7418,1.306201905,103.8825153,YELLOW,2009-04-01,2099-12-01,POINT (103.8825153 1.306201904999995)
NEWTON MRT STATION,DT11,28499.9628,32877.5173,1.313607102,103.8378098,BLUE,2014-12-01,2099-12-01,POINT (103.8378098 1.313607101999999)
NEWTON MRT STATION,NS21,28519.3616,32735.2072,1.3123201,103.83798409999999,RED,1986-12-01,2099-12-01,POINT (103.8379841 1.312320100000008)
NICOLL HIGHWAY MRT STATION,CC5,31374.1708,31347.1516,1.299766835,103.8636292,YELLOW,2009-04-01,2099-12-01,POINT (103.8636292 1.299766834999996)
NOVENA MRT STATION,NS20,29169.3298,33633.1535,1.320440791,103.8438228,RED,1986-12-01,2099-12-01,POINT (103.8438228 1.320440790999988)
ONE-NORTH MRT STATION,CC23,22896.0731,31346.4085,1.299759879,103.7874693,YELLOW,2010-10-01,2099-12-01,POINT (103.7874693 1.29975987899999)
ORCHARD MRT STATION,NS22,27880.1256,31813.1134,1.303981012,103.8322417,RED,1986-12-01,2099-12-01,POINT (103.8322417 1.303981012)
OUTRAM PARK MRT STATION,EW16,28646.3739,29316.7727,1.279764543,103.8395732,GREEN,1986-12-01,2099-12-01,POINT (103.8395732 1.279764542999995)
OUTRAM PARK MRT STATION,NE3,28696.2602,29135.382,1.28140498,103.839125,PURPLE,2002-06-01,2099-12-01,POINT (103.839125 1.28140498)
PASIR PANJANG MRT STATION,CC26,23329.2647,28742.7658,1.276213523,103.79136070000001,YELLOW,2010-10-01,2099-12-01,POINT (103.7913607 1.276213522999995)
PASIR RIS MRT STATION,EW1,40903.7716,39443.3983,1.3729837740000002,103.9492348,GREEN,1988-12-01,2099-12-01,POINT (103.9492348 1.372983773999987)
PAYA LEBAR MRT STATION,CC9,34550.5756,33300.3402,1.317430268,103.89216329999999,YELLOW,2009-04-01,2099-12-01,POINT (103.8921633 1.317430267999988)
PAYA LEBAR MRT STATION,EW8,34648.6773,33375.7341,1.318112082,103.8930446,GREEN,1988-11-01,2099-12-01,POINT (103.8930446 1.318112081999995)
PIONEER MRT STATION,EW28,12864.9592,35529.4973,1.337586882,103.69735859999999,GREEN,2008-02-01,2099-12-01,POINT (103.6973586 1.337586881999999)
POTONG PASIR MRT STATION,NE10,31977.1677,34842.7289,1.331379525,103.869046,PURPLE,2002-06-01,2099-12-01,POINT (103.869046 1.331379524999998)
PROMENADE MRT STATION,CC4,31080.6082,30623.0174,1.293218051,103.8609921,YELLOW,2009-04-01,2099-12-01,POINT (103.8609921 1.293218050999995)
PROMENADE MRT STATION,DT15,31064.3414,30586.9146,1.292891552,103.860846,BLUE,2012-12-01,2099-12-01,POINT (103.860846 1.292891551999996)
PUNGGOL MRT STATION,NE17,35651.3846,42933.2694,1.4045467280000001,103.902052,PURPLE,2002-06-01,2099-12-01,POINT (103.902052 1.404546727999991)
QUEENSTOWN MRT STATION,EW19,24946.8083,30804.6785,1.294860933,103.8058913,GREEN,1987-03-01,2099-12-01,POINT (103.8058913 1.294860933000003)
RAFFLES PLACE MRT STATION,EW14,30019.1805,29617.6126,1.284125611,103.8514572,GREEN,1986-12-01,2099-12-01,POINT (103.8514572 1.284125610999988)
RAFFLES PLACE MRT STATION,NS26,30019.1805,29617.6126,1.284125611,103.8514572,RED,1986-12-01,2099-12-01,POINT (103.8514572 1.284125610999988)
REDHILL MRT STATION,EW18,26163.478,30218.8196,1.289562726,103.8168209,GREEN,1987-03-01,2099-12-01,POINT (103.8168209 1.28956272599999)
ROCHOR MRT STATION,DT13,30126.0006,31805.9862,1.306800025,103.8496427,BLUE,2014-12-01,2099-12-01,POINT (103.8496427 1.306800025)
SEMBAWANG MRT STATION,NS11,26522.9883,47854.1998,1.449050821,103.82005040000001,RED,1995-02-01,2099-12-01,POINT (103.8200504 1.449050820999999)
SENGKANG MRT STATION,NE16,34918.274,41512.1277,1.391694626,103.8954664,PURPLE,2002-06-01,2099-12-01,POINT (103.8954664 1.391694626000001)
SERANGOON MRT STATION,CC13,32345.7724,36967.5123,1.3505952559999999,103.87235720000001,YELLOW,2008-05-01,2099-12-01,POINT (103.8723572 1.350595255999994)
SERANGOON MRT STATION,NE12,32480.0726,36869.3924,1.349707875,103.8735637,PURPLE,2002-06-01,2099-12-01,POINT (103.8735637 1.349707874999994)
SIMEI MRT STATION,EW3,41360.6138,36150.3959,1.343202895,103.9533387,GREEN,1988-12-01,2099-12-01,POINT (103.9533387 1.343202895000006)
SIXTH AVENUE MRT STATION,DT7,23985.5297,34777.1434,1.330786387,103.7972561,BLUE,2014-12-01,2099-12-01,POINT (103.7972561 1.330786386999999)
SOMERSET MRT STATION,NS23,28640.656000000003,31401.6698,1.300260055,103.83907370000001,RED,1986-12-01,2099-12-01,POINT (103.8390737 1.300260055)
STADIUM MRT STATION,CC6,32677.7526,31687.0547,1.30284063,103.8753395,YELLOW,2009-04-01,2099-12-01,POINT (103.8753395 1.302840629999996)
STEVENS MRT STATION,DT10,27188.23,33591.6608,1.320065557,103.8260263,BLUE,2014-12-01,2099-12-01,POINT (103.8260263 1.320065556999995)
TAI SENG MRT STATION,CC11,34107.1526,35291.0164,1.335433322,103.88818,YELLOW,2009-04-01,2099-12-01,POINT (103.88818 1.335433322000003)
TAMPINES EAST MRT STATION,DT33,41501.0749,37586.6178,1.3561914830000001,103.9546005,BLUE,2016-10-01,2099-12-01,POINT (103.9546005 1.356191482999986)
TAMPINES MRT STATION,DT32,40213.0284,37463.3697,1.355077429,103.94302979999999,BLUE,2016-10-01,2099-12-01,POINT (103.9430298 1.355077428999999)
TAMPINES MRT STATION,EW2,40445.4297,37266.9909,1.353301356,103.94511750000001,GREEN,1988-12-01,2099-12-01,POINT (103.9451175 1.353301355999992)
TAMPINES WEST MRT STATION,DT31,39698.5276,36406.0143,1.345515305,103.938408,BLUE,2016-10-01,2099-12-01,POINT (103.938408 1.345515304999994)
TAN KAH KEE MRT STATION,DT8,25106.8667,34234.9609,1.3258832090000001,103.8073292,BLUE,2014-12-01,2099-12-01,POINT (103.8073292 1.325883208999989)
TANAH MERAH MRT STATION,EW4,40578.8616,34379.4144,1.327187135,103.94631609999999,GREEN,1988-11-01,2099-12-01,POINT (103.9463161 1.327187134999993)
TANJONG PAGAR MRT STATION,EW15,29396.2311,28776.7576,1.276521247,103.8458611,GREEN,1986-12-01,2099-12-01,POINT (103.8458611 1.276521246999996)
TELOK AYER MRT STATION,DT18,29667.6216,29414.5867,1.282289536,103.84829909999999,BLUE,2012-12-01,2099-12-01,POINT (103.8482991 1.282289535999996)
TELOK BLANGAH MRT STATION,CC28,25376.8469,28138.9667,1.270753211,103.80975440000002,YELLOW,2010-10-01,2099-12-01,POINT (103.8097544 1.270753211)
TIONG BAHRU MRT STATION,EW17,27298.9575,29846.251,1.286193393,103.827021,GREEN,1987-03-01,2099-12-01,POINT (103.827021 1.286193392999996)
TOA PAYOH MRT STATION,NS19,29578.4408,34980.8638,1.332628987,103.84749790000001,RED,1986-11-01,2099-12-01,POINT (103.8474979 1.332628986999998)
TUAS CRESCENT MRT STATION,EW31,7495.531,33698.6818,1.321026553,103.6491245,GREEN,2016-06-01,2099-12-01,POINT (103.6491245 1.32102655299999)
TUAS LINK MRT STATION,EW33,6138.3115,35848.0658,1.3404637659999998,103.6369324,GREEN,2016-06-01,2099-12-01,POINT (103.6369324 1.340463765999989)
TUAS WEST ROAD MRT STATION,EW32,6442.6401,34689.7988,1.3299890890000001,103.63966620000001,GREEN,2016-06-01,2099-12-01,POINT (103.6396662 1.329989088999999)
UBI MRT STATION,DT27,35337.7709,34685.4833,1.3299568259999999,103.8992348,BLUE,2016-10-01,2099-12-01,POINT (103.8992348 1.329956825999995)
UPPER CHANGI MRT STATION,DT34,42262.0767,35988.4036,1.341737484,103.96143670000001,BLUE,2016-10-01,2099-12-01,POINT (103.9614367 1.341737483999993)
WOODLANDS MRT STATION,NS9,22788.1527,46507.9219,1.436875128,103.78649990000001,RED,1995-02-01,2099-12-01,POINT (103.7864999 1.436875127999988)
WOODLANDS MRT STATION,TE2,22949.0322,46418.5578,1.436066981,103.78794509999999,BROWN,1995-02-01,2099-12-01,POINT (103.7879451 1.436066980999991)
WOODLANDS NORTH MRT STATION,TE1,22634.0348,47760.172999999995,1.4482,103.7851,BROWN,2019-01-01,2099-12-01,POINT (103.7851 1.448200000000007)
WOODLANDS SOUTH MRT STATION,TE3,23607.8309,45444.7113,1.427259979,103.7938631,BROWN,2019-01-01,2099-12-01,POINT (103.7938631 1.427259979)
WOODLEIGH MRT STATION,NE11,32173.3186,35706.3794,1.339190046,103.87080809999999,PURPLE,2010-06-01,2099-12-01,POINT (103.8708081 1.339190045999996)
YEW TEE MRT STATION,NS5,18438.9791,42158.0124,1.3975350180000001,103.74743070000001,RED,1995-02-01,2099-12-01,POINT (103.7474307 1.397535018000005)
YIO CHU KANG MRT STATION,NS15,29294.1283,40413.082,1.381756046,103.8449439,RED,1986-11-01,2099-12-01,POINT (103.8449439 1.381756046)
YISHUN MRT STATION,NS13,28187.6787,45686.0701,1.4294430809999998,103.83500450000001,RED,1987-12-01,2099-12-01,POINT (103.8350045 1.429443080999996)
BAKAU LRT STATION,SE3,36026.0821,41113.8766,1.388092704,103.9054179,LRT,2002-01-01,2099-03-01,POINT (103.9054179 1.388092704000005)
BANGKIT LRT STATION,BP9,21248.246,40220.9693,1.3800178969999999,103.7726667,LRT,1998-11-01,2099-03-01,POINT (103.7726667 1.380017897)
BUKIT PANJANG LRT STATION,BP6,20175.9353,39987.9068,1.3779098980000002,103.76303399999999,LRT,1998-11-01,2099-03-01,POINT (103.763034 1.377909898000003)
CHENG LIM LRT STATION,SW1,34730.4628,42018.8886,1.396277631,103.8937792,LRT,2012-01-01,2099-03-01,POINT (103.8937792 1.396277630999996)
CHOA CHU KANG LRT STATION,BP1,18121.6052,40753.8693,1.38483636,103.7445797,LRT,1998-11-01,2099-03-01,POINT (103.7445797 1.384836360000003)
COMPASSVALE LRT STATION,SE1,35475.5631,41821.5783,1.394493046,103.90047259999999,LRT,2002-01-01,2099-03-01,POINT (103.9004726 1.394493046000003)
CORAL EDGE LRT STATION,PE3,36820.8455,41757.0642,1.393909226,103.9125574,LRT,2004-01-01,2099-03-01,POINT (103.9125574 1.393909226)
COVE LRT STATION,PE1,36084.2293,42351.1334,1.399281985,103.9059403,LRT,2004-01-01,2099-03-01,POINT (103.9059403 1.399281984999988)
DAMAI LRT STATION,PE7,36378.1828,43009.3794,1.405234836,103.9085809,LRT,2010-06-01,2099-03-01,POINT (103.9085809 1.405234836000007)
FAJAR LRT STATION,BP10,21043.4356,40718.8826,1.3845207959999999,103.7708268,LRT,1998-11-01,2099-03-01,POINT (103.7708268 1.384520795999995)
FARMWAY LRT STATION,SW2,34230.5193,42117.5716,1.397170196,103.8892882,LRT,2006-11-01,2099-03-01,POINT (103.8892882 1.39717019599999)
FERNVALE LRT STATION,SW5,32784.2264,41533.2289,1.391885888,103.8762959,LRT,2004-01-01,2099-03-01,POINT (103.8762959 1.391885888000002)
JELAPANG LRT STATION,BP12,20341.7491,40960.202000000005,1.386703025,103.7645235,LRT,1998-11-01,2099-03-01,POINT (103.7645235 1.386703025000001)
KADALOOR LRT STATION,PE5,37255.4884,42384.6619,1.3995848530000001,103.9164619,LRT,2004-01-01,2099-03-01,POINT (103.9164619 1.399584853000002)
KANGKAR LRT STATION,SE4,35662.73,40658.9821,1.383978902,103.90215390000002,LRT,2002-01-01,2099-03-01,POINT (103.9021539 1.383978901999989)
KEAT HONG LRT STATION,BP3,18622.5727,40064.5711,1.378602766,103.74907990000001,LRT,1998-11-01,2099-03-01,POINT (103.7490799 1.378602766000001)
KUPANG LRT STATION,SW3,33334.8164,42232.8408,1.3982128280000001,103.881242,LRT,2014-06-01,2099-03-01,POINT (103.881242 1.398212827999998)
LAYAR LRT STATION,SW6,33198.3233,41554.6829,1.392079839,103.8800158,LRT,2004-01-01,2099-03-01,POINT (103.8800158 1.392079838999994)
MERIDIAN LRT STATION,PE2,36416.7925,42089.0886,1.396912053,103.9089277,LRT,2004-01-01,2099-03-01,POINT (103.9089277 1.396912053000005)
NIBONG LRT STATION,PW5,35455.6286,43743.0854,1.411870458,103.9002935,LRT,2013-06-01,2099-03-01,POINT (103.9002935 1.411870458)
OASIS LRT STATION,PE6,36837.1178,42683.4018,1.402286677,103.9127036,LRT,2006-06-01,2099-03-01,POINT (103.9127036 1.402286677000002)
PENDING LRT STATION,BP8,21094.7812,39792.4936,1.3761428830000002,103.77128809999999,LRT,1998-11-01,2099-03-01,POINT (103.7712881 1.376142882999997)
PETIR LRT STATION,BP7,20582.7273,39970.2513,1.3777503340000001,103.7666882,LRT,1998-11-01,2099-03-01,POINT (103.7666882 1.377750333999992)
PHOENIX LRT STATION,BP5,19621.7772,40066.3155,1.378618844,103.7580559,LRT,1998-11-01,2099-03-01,POINT (103.7580559 1.378618843999992)
PUNGGOL LRT STATION,PTC,35689.138999999996,43004.9202,1.4051947009999999,103.9023911,LRT,2004-01-01,2099-03-01,POINT (103.9023911 1.405194700999986)
PUNGGOL POINT LRT STATION,PW3,36160.8276,44293.5561,1.41684852,103.90662840000002,LRT,2015-12-01,2099-03-01,POINT (103.9066284 1.416848519999995)
RANGGUNG LRT STATION,SE5,35108.5942,40687.1255,1.3842335609999998,103.897176,LRT,2002-01-01,2099-03-01,POINT (103.897176 1.384233561)
RENJONG LRT STATION,SW8,34367.9437,40962.4782,1.3867239219999998,103.8905227,LRT,2004-01-01,2099-03-01,POINT (103.8905227 1.386723922000001)
RIVIERA LRT STATION,PE4,37219.8293,41825.1114,1.3945244959999998,103.91614150000001,LRT,2004-01-01,2099-03-01,POINT (103.9161415 1.394524495999994)
RUMBIA LRT STATION,SE2,36085.5526,41487.1568,1.391468497,103.9059522,LRT,2002-01-01,2099-03-01,POINT (103.9059522 1.391468496999986)
SAM KEE LRT STATION,PW1,35958.3967,43493.447,1.409612685,103.9048099,LRT,2015-02-01,2099-03-01,POINT (103.9048099 1.409612684999999)
SAMUDERA LRT STATION,PW4,35660.6597,44188.8482,1.415901719,103.9021353,LRT,2016-03-01,2099-03-01,POINT (103.9021353 1.415901718999988)
SEGAR LRT STATION,BP11,20908.767,41078.4025,1.387772131,103.76961709999999,LRT,1998-11-01,2099-03-01,POINT (103.7696171 1.387772130999987)
SENGKANG LRT STATION,STC,34913.5879,41502.6997,1.391609364,103.8954243,LRT,2002-01-01,2099-03-01,POINT (103.8954243 1.391609363999996)
SENJA LRT STATION,BP13,20104.0139,40516.7226,1.3826922959999999,103.76238790000001,LRT,1998-11-01,2099-03-01,POINT (103.7623879 1.382692295999994)
SOO TECK LRT STATION,PW7,35110.1988,42993.1699,1.405088585,103.89719040000001,LRT,2013-06-01,2099-03-01,POINT (103.8971904 1.405088585000001)
SOUTH VIEW LRT STATION,BP2,18203.7243,40252.0686,1.3802982869999998,103.7453173,LRT,1998-11-01,2099-03-01,POINT (103.7453173 1.380298286999991)
SUMANG LRT STATION,PW6,35260.2918,43365.1308,1.408452426,103.8985387,LRT,2013-06-01,2099-03-01,POINT (103.8985387 1.408452425999989)
TECK WHYE LRT STATION,BP4,19140.8,39852.4608,1.376684679,103.75373520000001,LRT,1998-11-01,2099-03-01,POINT (103.7537352 1.376684679)
TEN MILE JUNCTION LRT STATION,BP14,19856.1189,40254.525,1.3803210080000001,103.760161,LRT,1998-11-01,2018-01-01,POINT (103.760161 1.380321008000001)
THANGGAM LRT STATION,SW4,32709.2689,42133.9003,1.397318155,103.87562259999999,LRT,2004-01-01,2099-03-01,POINT (103.8756226 1.397318155000003)
TONGKANG LRT STATION,SW7,33845.4132,41252.6183,1.3893479530000001,103.8858287,LRT,2004-01-01,2099-03-01,POINT (103.8858287 1.389347952999991)
